INDICATIVO;INDSINOP;NOMBRE;PROVINCIA;LATITUD;LONGITUD;ALTURA
1387E;8002;A CORUÑA AEROPUERTO;A CORUÑA;431825N;082219W;98
1387;8001;A CORUÑA;A CORUÑA;432157N;082517W;57
1393;8006;CABO VILÁN;A CORUÑA;430938N;091239W;50
1351;8004;ESTACA DE BARES;A CORUÑA;434710N;074106W;90
1400;8040;FISTERRA;A CORUÑA;425529N;091729W;230
1437O;8043;MONTE IROITE;A CORUÑA;424314N;085524W;685
1473A;8039;PADRÓN;A CORUÑA;424418N;083738W;100
1428;8042;SANTIAGO DE COMPOSTELA AEROPUERTO;A CORUÑA;425317N;082438W;370
1475X;8041;SANTIAGO DE COMPOSTELA;A CORUÑA;425234N;083321W;240
8175;8280;ALBACETE BASE AÉREA;ALBACETE;385715N;015123W;702
8178D;8279;ALBACETE;ALBACETE;390021N;015146W;674
8177A;8278;CHINCHILLA;ALBACETE;385609N;013936W;880
7096B;8355;HELLÍN;ALBACETE;383231N;014211W;605
8025;8359;ALACANT/ALICANTE;ALICANTE;382221N;002939W;81
8019;8360;ALICANTE-ELCHE AEROPUERTO;ALICANTE;381658N;003415W;43
8050X;8370;JÁVEA/ XÀBIA;ALICANTE;384701N;001004E;15
7247X;8357;EL PINÓS/PINOSO;ALICANTE;382359N;010217W;575
6302A;8427;ABLA;ALMERIA;370829N;024648W;869
6277B;8486;ADRA;ALMERIA;364450N;030114W;8
6381;8490;ALBORÁN;ALMERIA;355618N;030210W;15
6325O;8487;ALMERÍA AEROPUERTO;ALMERIA;365047N;022125W;21
6297;;ALMERÍA;ALMERIA;364952N;022720W;7
6332X;8488;CARBONERAS;ALMERIA;365849N;015413W;16
6367B;8428;HUÉRCAL-OVERA;ALMERIA;372326N;015637W;300
6293X;8492;ROQUETAS DE MAR;ALMERIA;364113N;024206W;3
9091O;8080;FORONDA-TXOKIZA;ARABA/ALAVA;425255N;024406W;513
9087;;VITORIA AERÓDROMO;ARABA/ALAVA;425059N;023922W;521
9091R;8080;VITORIA-GASTEIZ AEROPUERTO;ARABA/ALAVA;425219N;024358W;513
1212E;8011;ASTURIAS AEROPUERTO;ASTURIAS;433401N;060239W;127
1283U;8010;CABO BUSTO;ASTURIAS;433409N;062812W;60
1210X;8012;CABO PEÑAS;ASTURIAS;433921N;055055W;100
1331A;8009;CASTROPOL;ASTURIAS;433129N;070153W;40
1207U;8065;GIJÓN, CAMPUS;ASTURIAS;433123N;053716W;26
1208A;;GIJÓN. LA MERCED;ASTURIAS;433230N;053943W;22
1208H;8014;GIJÓN, PUERTO;ASTURIAS;433336N;054203W;5
1208;;GIJÓN;ASTURIAS;433220N;053815W;3
1183X;8016;LLANES;ASTURIAS;432513N;044453W;10
1249I;8015;OVIEDO;ASTURIAS;432112N;055227W;336
1249X;8015;OVIEDO;ASTURIAS;432112N;055227W;334
1542;8052;PUERTO DE LEITARIEGOS;ASTURIAS;425939N;062451W;1530
1221D;8031;PAJARES-VALGRANDE;ASTURIAS;425843N;054635W;1480
2444C;;ÁVILA, AYUNTAMIENTO;AVILA;403924N;044201W;1143
2444;8210;ÁVILA;AVILA;403933N;044047W;1130
2811A;8206;NAVARREDONDA DE GREDOS;AVILA;402102N;050835W;1525
3391;8208;SOTILLO DE LA ADRADA;AVILA;401719N;043527W;630
4452;8330;BADAJOZ AEROPUERTO;BADAJOZ;385300N;064850W;185
4358X;8333;DON BENITO;BADAJOZ;385720N;055250W;273
4244X;8264;HERRERA DEL DUQUE;BADAJOZ;391010N;050344W;447
4511C;8337;JEREZ DE LOS CABALLEROS;BADAJOZ;381755N;064554W;381
4386B;8336;LLERENA;BADAJOZ;381354N;060101W;655
4410X;8331;MÉRIDA;BADAJOZ;385457N;062308W;228
0252D;8186;ARENYS DE MAR;BARCELONA;413515N;023224E;74
76;8181;BARCELONA AEROPUERTO;BARCELONA;411734N;020412E;4
0200E;;BARCELONA, FABRA;BARCELONA;412506N;020727E;408
0201D;8180;BARCELONA, PORT OLÍMPIC;BARCELONA;412326N;021200E;26
0149X;8174;MANRESA;BARCELONA;414312N;015025E;291
0229I;8192;SABADELL AEROPUERTO;BARCELONA;413125N;020611E;146
0255B;8188;SANTA SUSANNA;BARCELONA;413903N;024149E;40
1082;8025;BILBAO AEROPUERTO;BIZKAIA;431753N;025423W;42
1078I;8035;GÜEÑES;BIZKAIA;431212N;030617W;208
1055B;8024;LEKEITIO;BIZKAIA;432237N;023037W;12
1057B;;MATXITXAKO;BIZKAIA;432714N;024510W;93
1059X;8059;PUNTA GALEA;BIZKAIA;432230N;030118W;90
2117D;8144;ARANDA DE DUERO;BURGOS;413957N;034434W;790
9111;8077;BELORADO;BURGOS;422516N;031013W;820
2331;8075;BURGOS AEROPUERTO;BURGOS;422125N;033717W;891
9051;8063;MEDINA DE POMAR;BURGOS;425512N;032858W;580
2298;8149;PALACIOS DE LA SIERRA;BURGOS;415735N;030754W;1080
3469;;CÁCERES, CIUDAD;CACERES;392833N;062235W;459
3469A;8261;CÁCERES;CACERES;392817N;062020W;394
3526X;8251;CORIA;CACERES;400013N;063327W;313
3434X;8254;NAVALMORAL DE LA MATA;CACERES;395645N;053457W;269
3519X;8252;PLASENCIA;CACERES;400235N;060509W;415
3463X;8263;TRUJILLO;CACERES;392857N;055115W;503
3576X;8260;VALENCIA DE ALCÁNTARA;CACERES;392453N;071352W;444
5973;8452;CÁDIZ;CADIZ;362959N;061528W;2
5911A;8455;GRAZALEMA;CADIZ;364538N;052227W;913
5960;8451;JEREZ DE LA FRONTERA AEROPUERTO;CADIZ;364502N;060321W;27
5910;8449;ROTA, BASE NAVAL;CADIZ;363820N;061957W;21
5972X;8453;SAN FERNANDO;CADIZ;362756N;061220W;28
6001;8458;TARIFA;CADIZ;360050N;053556W;32
5995B;8457;VEJER DE LA FRONTERA;CADIZ;361444N;055754W;186
1083L;8020;CASTRO URDIALES;CANTABRIA;432341N;031402W;45
9001D;8032;REINOSA;CANTABRIA;425931N;040938W;870
1159;8017;SAN VICENTE DE LA BARQUERA;CANTABRIA;432336N;042332W;38
1109;8021;SANTANDER AEROPUERTO;CANTABRIA;432526N;034932W;3
1110;;SANTANDER, CIUDAD;CANTABRIA;432754N;034908W;64
1111X;8023;SANTANDER;CANTABRIA;432928N;034802W;51
1111;8023;SANTANDER;CANTABRIA;432928N;034802W;52
9019B;8033;VALDERREDIBLE, POLIENTES   ;CANTABRIA;424823N;035602W;720
9563X;8237;CASTELLFORT;CASTELLON;402955N;001112W;1220
8500A;8286;CASTELLÓ - ALMASSORA;CASTELLON;395726N;000419W;43
8501;;CASTELLÓ DE LA PLANA;CASTELLON;395921N;000156W;23
8489X;8241;VILLAFRANCA DEL CID/VILLAFRANCA;CASTELLON;402600N;001521W;1131
8523X;8239;VINARÒS;CASTELLON;403315N;002547E;111
5000A;;CEUTA, MONTE HACHO;CEUTA;355344N;051732W;200
5000C;60320;CEUTA;CEUTA;355319N;052049W;87
4121C;;CIUDAD REAL, INSTITUTO;CIUDAD REAL;385916N;035545W;627
4121;8348;CIUDAD REAL;CIUDAD REAL;385921N;035513W;626
4220X;8271;PUEBLA DE DON RODRIGO;CIUDAD REAL;390501N;043719W;531
4103X;8276;TOMELLOSO;CIUDAD REAL;391009N;030027W;662
4147X;8351;VALDEPEÑAS;CIUDAD REAL;384502N;032329W;700
4148;8345;VISO DEL MARQUÉS;CIUDAD REAL;383105N;033400W;804
5402;8410;CÓRDOBA AEROPUERTO;CORDOBA;375056N;045048W;90
5427X;8412;DOÑA MENCÍA;CORDOBA;373322N;042114W;650
4267X;8335;HINOJOSA DEL DUQUE;CORDOBA;382955N;050716W;551
5390Y;8346;VILLANUEVA DE CÓRDOBA;CORDOBA;381959N;043632W;750
3044X;8230;CAÑIZARES;CUENCA;403149N;020900W;928
8096;8231;CUENCA;CUENCA;400402N;020755W;949
4090Y;8256;SAN CLEMENTE;CUENCA;392500N;022514W;728
3094B;8277;TARANCÓN;CUENCA;400041N;030117W;808
1024E;8027;DONOSTIA / SAN SEBASTIÁN, IGELDO;GIPUZKOA;431823N;020228W;250
1050J;8036;ELGOIBAR;GIPUZKOA;431234N;022448W;119
1014;8029;HONDARRIBIA, MALKARROA;GIPUZKOA;432125N;014732W;4
1014A;8029;DONOSTIA / SAN SEBASTIÁN AEROPUERTO;GIPUZKOA;432125N;014732W;4
1041A;8026;ZUMAIA;GIPUZKOA;431808N;021504W;28
1037Y;8037;ZUMARRAGA;GIPUZKOA;430448N;021903W;420
367;8184;GIRONA AEROPUERTO;GIRONA;415442N;024548E;143
0370B;;GIRONA, ANTIC INSTITUT;GIRONA;415848N;024931E;95
9585;8117;LA MOLINA;GIRONA;421957N;015622E;1699
0372C;8120;PORQUERES;GIRONA;420616N;024549E;157
0324A;8118;RIPOLL;GIRONA;421129N;021146E;675
5047E;8424;BAZA;GRANADA;373021N;024406W;785
5530E;8419;GRANADA AEROPUERTO;GRANADA;371125N;034723W;567
5514;8420;GRANADA BASE AÉREA;GRANADA;370814N;033753W;687
5051X;8423;HUÉSCAR;GRANADA;375141N;023910W;1100
5582A;8414;LOJA;GRANADA;370940N;040910W;760
6268X;8485;MOTRIL;GRANADA;364322N;033149W;12
3168C;8226;GUADALAJARA, EL SERRANILLO;GUADALAJARA;403933N;031024W;639
3168A;;GUADALAJARA, INSTITUTO;GUADALAJARA;403805N;031000W;685
3168D;8226;GUADALAJARA;GUADALAJARA;403749N;030900W;727
3013;8232;MOLINA DE ARAGÓN;GUADALAJARA;405030N;015244W;1062
3130C;8150;SIGÜENZA;GUADALAJARA;410511N;023705W;1005
4560Y;8380;ALAJAR;HUELVA;375207N;064030W;572
4549Y;8381;AYAMONTE;HUELVA;371141N;072342W;3
4642E;8383;HUELVA, RONDA ESTE;HUELVA;371642N;065442W;18
4605;;HUELVA;HUELVA;371524N;065659W;17
5860E;8384;MOGUER, EL ARENOSILLO;HUELVA;370553N;064417W;41
9208E;8095;ARAGÜÉS DEL PUERTO;HUESCA;424231N;004022W;1025
9784P;8103;BIELSA;HUESCA;423748N;001329E;992
9898;8094;HUESCA, AEROPUERTO;HUESCA;420504N;001932W;546
9201K;8091;JACA;HUESCA;423444N;003249W;823
9814A;8101;TORLA;HUESCA;423736N;000642W;1020
B569X;8311;CAPDEPERA;ILLES BALEARS;394300N;032841E;57
B013X;8304;ESCORCA, LLUC;ILLES BALEARS;394924N;025309E;490
B954;8373;IBIZA, AEROPUERTO;ILLES BALEARS;385235N;012304E;6
B893;8314;MENORCA, AEROPUERTO;ILLES BALEARS;395117N;041256E;91
B278;8306;PALMA DE MALLORCA, AEROPUERTO;ILLES BALEARS;393339N;024412E;8
B228;8301;PALMA, PUERTO;ILLES BALEARS;393319N;023731E;3
B346X;8310;PORRERES;ILLES BALEARS;393118N;030109E;120
B434X;8309;PORTOCOLOM  ;ILLES BALEARS;392452N;031618E;17
B691Y;8312;SA POBLA;ILLES BALEARS;394457N;030100E;40
B248;8303;SIERRA DE ALFABIA, BUNYOLA;ILLES BALEARS;394406N;024247E;1030
5298X;8347;ANDÚJAR;JAEN;380123N;040348W;202
5181D;8352;ARROYO DEL OJANCO;JAEN;381853N;025323W;580
5038X;8353;CAZORLA;JAEN;375457N;030014W;782
5270;;JAÉN, INSTITUTO;JAEN;374635N;034720W;510
5270B;8417;JAÉN;JAEN;374639N;034833W;580
5246;8350;SANTA ELENA;JAEN;382040N;033207W;770
5192;8354;VILLARRODRIGO;JAEN;382921N;023815W;862
9170;8084;LOGROÑO, AEROPUERTO;LA RIOJA;422708N;021952W;353
C249I;60035;FUERTEVENTURA AEROPUERTO;LAS PALMAS;282641N;135147W;25
C649I;60030;GRAN CANARIA AEROPUERTO;LAS PALMAS;275504N;152343W;24
C619I;60027;LA ALDEA DE SAN NICOLÁS;LAS PALMAS;280003N;154850W;10
C029O;60040;LANZAROTE AEROPUERTO;LAS PALMAS;285707N;133601W;14
C659M;60032;LAS PALMAS DE GRAN CANARIA, PL. DE LA FERIA;LAS PALMAS;280647N;152517W;15
C659H;60029;LAS PALMAS DE GRAN CANARIA, SAN CRISTOBAL;LAS PALMAS;280523N;152458W;55
C689E;60037;MASPALOMAS;LAS PALMAS;274409N;153545W;6
C629X;60036;MOGÁN, PUERTO;LAS PALMAS;274859N;154551W;10
C229J;60034;PÁJARA;LAS PALMAS;280257N;142129W;15
C839I;;TEGUISE;LAS PALMAS;291355N;133007W;10
2737E;8123;LAGUNAS DE SOMOZA;LEON;422239N;061148W;1020
2661B;8055;LEÓN AEROPUERTO;LEON;423558N;053837W;912
2661;8055;LEÓN, VIRGEN DEL CAMINO;LEON;423518N;053904W;912
1549;8053;PONFERRADA;LEON;423350N;063600W;532
2630X;8057;PUERTO DE SAN ISIDRO;LEON;430344N;052237W;1510
9619;8115;LA SEU D'URGELL;LLEIDA;422117N;012747E;677
9771;;LLEIDA, OBSERVATORIO;LLEIDA;413702N;003716E;199
9771C;8171;LLEIDA;LLEIDA;413734N;003553E;186
9990X;8107;NAUT ARAN, ARTIES ;LLEIDA;424201N;005237E;1161
9698U;8112;TALARN;LLEIDA;421219N;005155E;807
9720X;8173;TÀRREGA;LLEIDA;413902N;010858E;388
1505;8008;LUGO AEROPUERTO;LUGO;430641N;072727W;442
3100B;8229;ARANJUEZ;MADRID;400402N;033246W;540
3110C;8146;BUITRAGO DEL LOZOYA;MADRID;410025N;033649W;1030
3191E;8219;COLMENAR VIEJO;MADRID;404146N;034554W;1004
3200;8224;GETAFE;MADRID;401758N;034320W;620
3129;8221;MADRID AEROPUERTO;MADRID;402800N;033320W;609
3194U;8220;MADRID, CIUDAD UNIVERSITARIA;MADRID;402706N;034327W;664
3196;8223;MADRID, CUATRO VIENTOS;MADRID;402232N;034710W;690
3195;8222;MADRID, RETIRO;MADRID;402443N;034041W;667
3266A;8217;PUERTO ALTO DEL LEÓN;MADRID;404223N;040831W;1532
2462;8215;PUERTO DE NAVACERRADA;MADRID;404735N;040038W;1893
3338;8212;ROBLEDO DE CHAVELA;MADRID;402540N;041500W;763
3111D;8145;SOMOSIERRA;MADRID;410808N;033449W;1450
3175;8227;TORREJÓN DE ARDOZ;MADRID;402919N;032637W;607
6106X;8413;ANTEQUERA;MALAGA;370146N;044454W;408
6058I;8463;ESTEPONA;MALAGA;362501N;050918W;19
6084X;8480;FUENGIROLA;MALAGA;363219N;043706W;8
6155A;8482;MÁLAGA AEROPUERTO;MALAGA;363958N;042856W;6
6156X;8481;MÁLAGA, CENTRO METEOROLÓGICO;MALAGA;364304N;042854W;54
6172O;8479;MÁLAGA, PUERTO;MALAGA;364300N;042511W;25
6032B;8443;RONDA;MALAGA;364459N;051006W;766
6205X;8484;TORROX;MALAGA;364335N;035726W;3
6000A;60338;MELILLA;MELILLA;351635N;025723W;52
7002Y;8432;ÁGUILAS;MURCIA;372502N;013513W;26
7228;8429;ALCANTARILLA, BASE AÉREA;MURCIA;375728N;011343W;75
7119B;8365;CARAVACA DE LA CRUZ;MURCIA;380609N;015238W;643
7012C;8434;CARTAGENA;MURCIA;373604N;005916W;17
7145D;8363;CIEZA;MURCIA;381358N;012250W;265
7209;8426;LORCA;MURCIA;373917N;014114W;312
7178I;8430;MURCIA;MURCIA;380007N;011015W;62
7031;8433;SAN JAVIER AEROPUERTO;MURCIA;374720N;004812W;4
7031X;8433;SAN JAVIER AEROPUERTO;MURCIA;374642N;004821W;4
7275C;8356;YECLA;MURCIA;383606N;010935W;640
9263X;8089;ARANGUREN, ILUNDAIN  ;NAVARRA;424634N;013157W;572
9294E;8087;BARDENAS REALES, BASE AÉREA;NAVARRA;421155N;012831W;295
1002Y;8030;BAZTAN, IRURITA ;NAVARRA;430809N;013235W;183
9283X;8153;CADREITA;NAVARRA;421225N;014241W;268
9263D;8085;PAMPLONA, AEROPUERTO;NAVARRA;424637N;013900W;459
9262;;PAMPLONA;NAVARRA;424904N;013818W;450
1631E;8051;A POBRA DE TRIVES;OURENSE;422022N;071657W;840
1700X;8047;O CARBALLIÑO;OURENSE;422517N;080533W;400
1690B;;OURENSE,INSTITUTO;OURENSE;421956N;075152W;148
1690A;8048;OURENSE;OURENSE;421931N;075135W;146
1735X;8050;XINZO DE LIMIA;OURENSE;420445N;074401W;616
2400E;8072;AUTILLA DEL PINO;PALENCIA;415944N;043610W;874
2374X;8068;CARRIÓN DE LOS CONDES;PALENCIA;422103N;043702W;830
2235U;8058;CERVERA DE PISUERGA;PALENCIA;425214N;043112W;1140
2401;;PALENCIA, OBSERVATORIO;PALENCIA;420018N;043145W;750
1484;;PONTEVEDRA, INSTITUTO;PONTEVEDRA;422550N;083850W;19
1484C;8044;PONTEVEDRA;PONTEVEDRA;422618N;083657W;113
1495;8045;VIGO AEROPUERTO;PONTEVEDRA;421419N;083726W;255
2491C;8205;LA COVATILLA, ESTACIÓN DE ESQUÍ;SALAMANCA;402118N;054124W;1960
2946X;8195;SAELICES EL CHICO;SALAMANCA;403806N;063600W;680
2867;8202;SALAMANCA AEROPUERTO;SALAMANCA;405734N;052954W;790
2870;8201;SALAMANCA;SALAMANCA;405727N;053944W;775
2916A;8129;VITIGUDINO;SALAMANCA;410041N;062616W;769
2150H;8143;LA PINILLA, ESTACIÓN DE ESQUÍ;SEGOVIA;411131N;032831W;1798
2465A;;SEGOVIA, INSTITUTO;SEGOVIA;405648N;040657W;990
2465;8213;SEGOVIA;SEGOVIA;405643N;040735W;1008
5704B;8392;CAZALLA DE LA SIERRA;SEVILLA;375535N;054611W;550
5641X;8395;ÉCIJA;SEVILLA;373058N;050506W;130
5612B;8399;LA RODA DE ANDALUCÍA;SEVILLA;371140N;044612W;410
5796;8397;MORÓN DE LA FRONTERA;SEVILLA;370952N;053641W;87
5783;8391;SEVILLA AEROPUERTO;SEVILLA;372500N;055245W;34
2030;8148;SORIA;SORIA;414630N;022859W;1081
C439J;60018;GÜÍMAR;STA. CRUZ DE TENERIFE;281906N;162256W;115
C929I;60001;HIERRO AEROPUERTO;STA. CRUZ DE TENERIFE;274908N;175320W;32
C430E;60010;IZAÑA;STA. CRUZ DE TENERIFE;281832N;162958W;2369
C139E;60005;LA PALMA AEROPUERTO;STA. CRUZ DE TENERIFE;283759N;174518W;33
C459Z;60012;PUERTO DE LA CRUZ;STA. CRUZ DE TENERIFE;282505N;163253W;25
C329Z;60008;SAN SEBASTIÁN DE LA GOMERA;STA. CRUZ DE TENERIFE;280523N;170641W;15
C449C;60020;STA. CRUZ DE TENERIFE;STA. CRUZ DE TENERIFE;282748N;161519W;36
C129Z;60004;TAZACORTE;STA. CRUZ DE TENERIFE;283545N;175455W;62
C447A;60015;TENERIFE NORTE AEROPUERTO;STA. CRUZ DE TENERIFE;282839N;161946W;632
C429I;60025;TENERIFE SUR AEROPUERTO;STA. CRUZ DE TENERIFE;280249N;163340W;64
0016A;8175;REUS AEROPUERTO;TARRAGONA;410842N;010949E;71
9987P;8240;SANT JAUME D'ENVEJA;TARRAGONA;404157N;004836E;1
9981A;8238;ESTACIÓN DE TORTOSA (ROQUETES);TARRAGONA;404913N;002936E;50
0002I;8169;VANDELLÒS  ;TARRAGONA;405729N;005217E;32
9573X;8164;ALCAÑIZ;TERUEL;410329N;000830W;334
9381;;CALAMOCHA, AERÓDROMO;TERUEL;405154N;011818W;932
9381I;8233;CALAMOCHA;TERUEL;405534N;011736W;884
9569A;8166;CALANDA;TERUEL;405648N;001416W;466
8368U;8235;TERUEL;TERUEL;402102N;010727W;902
4067;8273;MADRIDEJOS;TOLEDO;392931N;033142W;690
4061X;8275;QUINTANAR DE LA ORDEN;TOLEDO;393550N;030254W;692
3298X;8270;SAN PABLO DE LOS MONTES;TOLEDO;393249N;042102W;917
3365A;8274;TALAVERA DE LA REINA;TOLEDO;395731N;045149W;372
3259;;TOLEDO, LORENZANA;TOLEDO;395134N;040132W;540
3260B;8272;TOLEDO;TOLEDO;395305N;040243W;513
8058X;8282;OLIVA;VALENCIA;385544N;000545W;5
8325X;8287;POLINYÀ DE XÚQUER;VALENCIA;391105N;002219W;12
8309X;8281;UTIEL;VALENCIA;393432N;011441W;758
8414A;8284;VALENCIA AEROPUERTO;VALENCIA;392906N;002829W;56
8416Y;8285;VALÈNCIA, VIVEROS;VALENCIA;392850N;002159W;11
8416;8285;VALÈNCIA;VALENCIA;392850N;002159W;11
8293X;8290;XÀTIVA;VALENCIA;390006N;003125W;88
2503X;8142;OLMEDO;VALLADOLID;411933N;044113W;740
2539;8140;VALLADOLID AEROPUERTO;VALLADOLID;414243N;045120W;846
2422;8141;VALLADOLID;VALLADOLID;413827N;044516W;734
2755X;8056;BENAVENTE;ZAMORA;420039N;054000W;715
2775X;8125;VILLARDECIERVOS;ZAMORA;415629N;061647W;850
2614;8130;ZAMORA;ZAMORA;413056N;054407W;656
9576C;8165;BUJARALOZ;ZARAGOZA;413121N;001028W;357
9394X;8156;CALATAYUD;ZARAGOZA;411952N;013843W;582
9390;8157;DAROCA;ZARAGOZA;410652N;012436W;779
9244X;8090;SOS DEL REY CATÓLICO;ZARAGOZA;422927N;011249W;626
9434;8160;ZARAGOZA, AEROPUERTO;ZARAGOZA;413938N;010015W;249
9434P;8159;ZARAGOZA, VALDESPARTERA;ZARAGOZA;413716N;005605W;258
B051A;8316;SÓLLER, PUERTO;ILLES BALEARS;394744N;024129E;5
B087X;;BANYALBUFAR;ILLES BALEARS;394121N;023046E;60
B103B;99103;ANDRATX - SANT ELM;ILLES BALEARS;393445N;022208E;52
B158X;;CALVIÀ, ES CAPDELLÀ;ILLES BALEARS;393305N;022759E;50
B236C;;PALMA, UNIVERSIDAD;ILLES BALEARS;393832N;023837E;95
B275E;8302;SON BONET, AEROPUERTO;ILLES BALEARS;393621N;024224E;49
B301;8308;LLUCMAJOR, CAP BLANC;ILLES BALEARS;392247N;024706E;113
B334X;;LLUCMAJOR;ILLES BALEARS;392944N;025330E;140
B341X;;PORRERES;ILLES BALEARS;393022N;030020E;149
B362X;;CAMPOS, CAN SION;ILLES BALEARS;392421N;030351E;40
B373X;;CAMPOS, SALINES LLEVANT;ILLES BALEARS;392104N;030043E;3
B398A;;CABRERA, PARQUE NACIONAL DE CABRERA;ILLES BALEARS;390808N;025612E;165
B410B;;SANTANYÍ;ILLES BALEARS;392024N;030845E;45
B496X;;SON SERVERA;ILLES BALEARS;393749N;032301E;25
B526X;;ARTÀ;ILLES BALEARS;394119N;032104E;110
B603X;;ARTÀ-COLÒNIA DE SANT PERE;ILLES BALEARS;394323N;031643E;99
B605X;;MURO, S'ALBUFERA;ILLES BALEARS;394748N;030617E;2
B614E;;MANACOR;ILLES BALEARS;393325N;031304E;95
B640X;;PETRA;ILLES BALEARS;393659N;030716E;95
B644B;;SINEU;ILLES BALEARS;393836N;030008E;120
B656A;;SANTA MARÍA DEL CAMÍ;ILLES BALEARS;393909N;024801E;121
B662X;;BINISSALEM;ILLES BALEARS;394041N;025226E;105
B684A;;ESCORCA, SON TORRELLA;ILLES BALEARS;394734N;024716E;842
B691;;LA PUEBLA (SA CANOVA);ILLES BALEARS;394454N;030055E;40
B760X;;POLLENÇA;ILLES BALEARS;395237N;030127E;35
B780X;;PORT DE POLLENÇA;ILLES BALEARS;395434N;030601E;2
B800X;;LA MOLA, MAÓ;ILLES BALEARS;395234N;041926E;78
B825B;;ES MERCADAL;ILLES BALEARS;395926N;040511E;80
B860X;;CIUTADELLA;ILLES BALEARS;395934N;035114E;20
B870C;;CIUTADELLA, CALA GALDANA;ILLES BALEARS;395641N;035724E;43
B908X;;SANT JOAN DE LABRITJA;ILLES BALEARS;390322N;012933E;110
B925;;SANT ANTONI DE PORTMANY;ILLES BALEARS;385747N;011917E;32
B957;;EIVISSA;ILLES BALEARS;385521N;012629E;3
B986;;FORMENTERA;ILLES BALEARS;384137N;012749E;24
C018J;;TÍAS;LAS PALMAS;285806N;134129W;376
C019V;;YAIZA;LAS PALMAS;285127N;135010W;6
C038N;;HARÍA;LAS PALMAS;290837N;132921W;277
C048W;;TINAJO;LAS PALMAS;290233N;134051W;275
C101A;;ROQUE DE LOS MUCHACHOS;STA. CRUZ DE TENERIFE;284521N;175343W;2223
C117A;;PUNTAGORDA;STA. CRUZ DE TENERIFE;284539N;175908W;684
C117Z;;TIJARAFE;STA. CRUZ DE TENERIFE;284029N;175613W;733
C126A;;EL PASO;STA. CRUZ DE TENERIFE;283914N;175112W;844
C129V;;FUENCALIENTE;STA. CRUZ DE TENERIFE;282718N;175028W;30
C148F;;SAN ANDRÉS Y SAUCES;STA. CRUZ DE TENERIFE;284818N;174657W;362
C239N;;TUINEJE,PUERTO GRAN TARAJAL;LAS PALMAS;281231N;140123W;1
C248E;;ANTIGUA;LAS PALMAS;282502N;140110W;252
C258K;;LA OLIVA;LAS PALMAS;283645N;135555W;217
C314Z;;VALLEHERMOSO, ALTO IGUALERO  ;STA. CRUZ DE TENERIFE;280625N;171457W;1475
C316I;;ARURE;STA. CRUZ DE TENERIFE;280742N;171854W;916
C317B;;AGULO;STA. CRUZ DE TENERIFE;281044N;171247W;765
C319W;;VALLEHERMOSO, DAMA;STA. CRUZ DE TENERIFE;280316N;171824W;190
C328W;;HERMIGUA;STA. CRUZ DE TENERIFE;280949N;171139W;252
C329B;60007;LA GOMERA, AEROPUERTO;STA. CRUZ DE TENERIFE;280154N;171239W;219
C406G;;LA OROTAVA, CAÑADAS TEIDE;STA. CRUZ DE TENERIFE;281327N;163735W;2150
C412N;;CITFAGRO_89_CHAVAO;STA. CRUZ DE TENERIFE;281311N;164219W;2071
C415A;;CITFAGRO_64_HOYOS;STA. CRUZ DE TENERIFE;281819N;164820W;990
C417J;;CITFAGRO_74_CHIO;STA. CRUZ DE TENERIFE;281400N;164721W;735
C418I;;CITFAGRO_05_GUIAISO1;STA. CRUZ DE TENERIFE;281252N;164723W;476
C418L;;CITFAGRO_76_POZO;STA. CRUZ DE TENERIFE;281201N;164547W;700
C419L;;LOMO DEL BALO;STA. CRUZ DE TENERIFE;281225N;164731W;403
C419X;;ADEJE;STA. CRUZ DE TENERIFE;280453N;164240W;130
C422A;;CITFAGRO_94_LOSTOPOS;STA. CRUZ DE TENERIFE;281019N;163905W;1833
C423R;;CITFAGRO_90_PICACHO;STA. CRUZ DE TENERIFE;281327N;163116W;1654
C426E;;CITFAGRO_13_VILAFLOR;STA. CRUZ DE TENERIFE;280839N;163741W;1258
C426I;;CITFAGRO_77_PINAL;STA. CRUZ DE TENERIFE;280737N;163621W;880
C426R;;CITFAGRO_09_HELECHO;STA. CRUZ DE TENERIFE;281301N;162926W;930
C428T;;ARICO;STA. CRUZ DE TENERIFE;281052N;162901W;418
C428U;;CITFAGRO_01_ARICO;STA. CRUZ DE TENERIFE;280752N;162821W;135
C436I;;CITFAGRO_54_TOPONEGRO;STA. CRUZ DE TENERIFE;281935N;162420W;290
C436L;;CITFAGRO_96_ARAYA;STA. CRUZ DE TENERIFE;282214N;162351W;525
C437E;;CITFAGRO_81_MENA;STA. CRUZ DE TENERIFE;281611N;162511W;500
C438N;;CANDELARIA;STA. CRUZ DE TENERIFE;282132N;162405W;463
C446G;;SAN CRISTÓBAL DE LA LAGUNA,LLANO DE LOS LOROS;STA. CRUZ DE TENERIFE;283136N;161650W;868
C448C;;CITFAGRO_92_SANTACRUZ;STA. CRUZ DE TENERIFE;282745N;161624W;136
C449F;;ANAGA ;STA. CRUZ DE TENERIFE;283029N;161144W;19
C449Q;;CITFAGRO_97_TAGANANA;STA. CRUZ DE TENERIFE;283336N;161341W;305
C453I;;CITFAGRO_88_GAITERO;STA. CRUZ DE TENERIFE;282341N;162600W;1744
C455M;;CITFAGRO_87_AGUAMANSA;STA. CRUZ DE TENERIFE;282142N;162949W;1065
C456E;;CITFAGRO_10_RAVELO;STA. CRUZ DE TENERIFE;282714N;162431W;922
C456P;;CITFAGRO_70_BENIJO;STA. CRUZ DE TENERIFE;282141N;163248W;906
C456R;;CITFAGRO_69_SUERTE;STA. CRUZ DE TENERIFE;282222N;163231W;551
C457E;;CITFAGRO_67_MATANZA;STA. CRUZ DE TENERIFE;282658N;162617W;650
C457I;;LA VICTORIA DE ACENTEJO;STA. CRUZ DE TENERIFE;282605N;162717W;567
C458A;;TACORONTE;STA. CRUZ DE TENERIFE;282947N;162512W;310
C458U;;CITFAGRO_71_PALOB;STA. CRUZ DE TENERIFE;282207N;163441W;595
C466O;;CITFAGRO_91_CUBO;STA. CRUZ DE TENERIFE;282021N;164740W;878
C467I;;CITFAGRO_73_REDON;STA. CRUZ DE TENERIFE;282112N;164230W;525
C468I;;CITFAGRO_98_ELDRAGO;STA. CRUZ DE TENERIFE;282201N;164320W;218
C468O;;CITFAGRO_62_TRIGO;STA. CRUZ DE TENERIFE;282125N;164805W;450
C468X;;SAN JUAN DE LA RAMBLA;STA. CRUZ DE TENERIFE;282223N;163733W;677
C611E;;VEGA DE SAN MATEO;LAS PALMAS;275838N;153502W;1702
C612F;;TEJEDA, CRUZ DE TEJEDA;LAS PALMAS;280025N;153556W;1514
C614H;60038;TEJEDA;LAS PALMAS;275943N;153657W;1060
C619X;;AGAETE;LAS PALMAS;280604N;154246W;5
C619Y;60027;LA ALDEA DE SAN NICOLÁS;LAS PALMAS;280004N;154827W;13
C623I;;SAN BARTOLOME TIRAJANA, CUEVAS DEL PINAR;LAS PALMAS;275536N;153600W;1220
C625O;;SAN BARTOLOME TIRAJANA, LOMOS PEDRO AFONSO;LAS PALMAS;275125N;153842W;806
C628B;;LA ALDEA DE SAN NICOLÁS, TASARTE;LAS PALMAS;275432N;154612W;318
C629Q;;MOGÁN, PUERTO RICO;LAS PALMAS;274648N;154240W;10
C635B;;SAN BARTOLOME TIRAJANA, LAS TIRAJANAS;LAS PALMAS;275512N;153427W;960
C639M;;MASPALOMAS, C. INSULAR TURISMO ;LAS PALMAS;274529N;153432W;45
C639U;;SAN BARTOLOME TIRAJANA, EL MATORRAL;LAS PALMAS;274845N;152712W;41
C648C;;AGÜIMES;LAS PALMAS;275409N;152714W;306
C648N;;TELDE, CENTRO FORESTAL DORAMAS;LAS PALMAS;275915N;152728W;344
C649R;;TELDE, MELENARA;LAS PALMAS;275913N;152240W;9
C656V;;TEROR;LAS PALMAS;280431N;153250W;683
C658L;;LAS PALMAS DE G.C. (TAFIRA CMT);LAS PALMAS;280430N;152703W;269
C658X;;LAS PALMAS DE GRAN CANARIA, TAFIRA;LAS PALMAS;280441N;152712W;269
C665T;;VALLESECO;LAS PALMAS;280358N;153357W;900
C668V;;AGAETE - SUERTE ALTA;LAS PALMAS;280540N;154030W;352
C669B;;ARUCAS;LAS PALMAS;280830N;153025W;86
C839X;60045;LA GRACIOSA;LAS PALMAS;291346N;133037W;19
C916Q;;EL PINAR, DEPÓSITO;STA. CRUZ DE TENERIFE;274308N;175841W;948
C917E;;EL PINAR, LA DEHESA;STA. CRUZ DE TENERIFE;274331N;180654W;715
C919K;;TACORON-LAPILLAS-TORTUGA;STA. CRUZ DE TENERIFE;273955N;180107W;98
C925F;;SAN ANDRÉS, VALVERDE;STA. CRUZ DE TENERIFE;274607N;175736W;1070
C928I;;VALVERDE;STA. CRUZ DE TENERIFE;274839N;175510W;670
C939T;;FRONTERA, SABINOSA;STA. CRUZ DE TENERIFE;274523N;180624W;20
0009X;;ALFORJA;TARRAGONA;411250N;005748E;406
0016B;;REUS (CENTRE LECTURA);TARRAGONA;410915N;010632E;118
0034X;;VALLS;TARRAGONA;411735N;011539E;233
0042Y;;TARRAGONA ;TARRAGONA;410726N;011457E;55
0061X;;PONTONS;BARCELONA;412501N;013109E;632
0066X;;VILAFRANCA DEL PENEDÈS;BARCELONA;411949N;014037E;177
0073X;;SITGES;BARCELONA;411438N;015109E;58
0092X;;BERGA;BARCELONA;420605N;015127E;682
0106X;;BALSARENY;BARCELONA;415159N;015221E;361
0114X;;PRATS DE LLUÇANÈS;BARCELONA;420025N;020136E;700
0120X;;MOIÀ;BARCELONA;414848N;020543E;742
0149D;;MANRESA (LA CULLA);BARCELONA;414312N;015025E;291
0158O;;MONTSERRAT;BARCELONA;413540N;015021E;738
0158X;;MONISTROL DE MONTSERRAT;BARCELONA;413540N;015021E;738
0171X;8172;IGUALADA;BARCELONA;413444N;013704E;313
0194D;8179;CORBERA, PIC D'AGULLES;BARCELONA;412429N;015306E;647
0201X;;BARCELONA, DRASSANES;BARCELONA;412230N;021026E;11
0222X;;CALDES DE MONTBUI;BARCELONA;413646N;021006E;175
0244X;;VILASSAR DE DALT;BARCELONA;413018N;022145E;56
0260X;;FOGARS DE MONTCLÚS;BARCELONA;414536N;022552E;936
0281Y;;BLANES;GIRONA;414037N;024818E;45
0284X;;CASTELL, PLATJA D'ARO ;GIRONA;414828N;030151E;14
0294B;;LA BISBAL (D'EMPORDA 3);GIRONA;415804N;030232E;51
0312X;;SANT PAU DE SEGÚRIES;GIRONA;421530N;022152E;851
0320I;;PLANOLES;GIRONA;421901N;020610E;1151
321;;CAMPDEVANOL;GIRONA;421322N;021002E;731
341;;TONA (ESCOLA);BARCELONA;415048N;021336E;611
0341X;;TONA;BARCELONA;415049N;021321E;607
349;8119;SANT JULIÀ  DE VILATORTA;BARCELONA;415534N;021903E;578
0360X;;LES PLANES D'HOSTOLES;GIRONA;420310N;023304E;322
0363X;;SANT HILARI;GIRONA;415251N;023048E;810
0370E;;GIRONA;GIRONA;415820N;024910E;76
0385X;;L'ESTARTIT;GIRONA;420314N;031205E;1
0394X;;LA VALL DE BIANYA;GIRONA;421238N;022819E;350
0411X;;CASTELLÓ D'EMPÚRIES;GIRONA;421329N;030535E;2
0413A;;MAÇANET DE CABRENYS;GIRONA;422313N;024520E;355
0421E;;ESPOLLA 'LES ALBERES';GIRONA;422324N;030022E;100
0421X;;ESPOLLA;GIRONA;422324N;030022E;100
0429X;;FIGUERES;GIRONA;421533N;025737E;45
0433D;8121;CABO DE CREUS;GIRONA;421909N;031856E;75
1010X;;BERA;NAVARRA;431643N;014033W;54
1012P;;IRUN;GIPUZKOA;431935N;014748W;120
1021X;;ERRENTERIA, AÑARBE;GIPUZKOA;431247N;015244W;165
1021Y;;ARTICUTZA (AUTOMATICA);NAVARRA;431244N;014752W;305
1025A;;SEGURA;GIPUZKOA;430056N;021524W;255
1025X;;BEASAIN, ARRIARAN;GIPUZKOA;430317N;021355W;255
1026X;;ORDIZIA;GIPUZKOA;430329N;021103W;290
1033X;;ARESO;NAVARRA;430506N;015703W;520
1037X;;LEGAZPI;GIPUZKOA;430306N;022013W;460
1038X;;AZPEITIA;GIPUZKOA;431021N;021602W;180
1044X;;ARAMAIO, ETXAGUEN;ARABA/ALAVA;430328N;023522W;617
1048X;;ARETXABALETA;GIPUZKOA;430130N;022756W;308
1049N;;ELGETA;GIPUZKOA;430818N;022945W;470
1052A;;MUTRIKU;GIPUZKOA;431902N;022350W;150
1056K;;FORUA;BIZKAIA;432033N;024016W;45
1060X;;AMURRIO;ARABA/ALAVA;430301N;030020W;240
1064L;;OROZKO, IBARRA;BIZKAIA;430544N;025137W;270
1069Y;;ABADIÑO, URKIOLA;BIZKAIA;430557N;023839W;747
1074C;;AMOREBIETA-ETXANO;BIZKAIA;431210N;024222W;100
1078C;;BALMASEDA;BIZKAIA;431050N;031235W;210
1083B;;SOPUERTA;BIZKAIA;431647N;031007W;177
1089U;;RAMALES DE LA VICTORIA;CANTABRIA;431521N;032815W;80
1096X;;BARCENA DE CICERO, TRETO;CANTABRIA;432348N;032811W;1
1103X;;SAN ROQUE DE RIOMIERA;CANTABRIA;431339N;034316W;849
1109X;8021;SANTANDER AEROPUERTO;CANTABRIA;432543N;034953W;3
1124E;;VILLACARRIEDO;CANTABRIA;431444N;035058W;196
1135C;;LOS TOJOS, BÁRCENA MAYOR;CANTABRIA;430849N;041251W;460
1152C;;SAN FELICES DE BUELNA;CANTABRIA;431619N;040255W;105
1154H;;TORRELAVEGA, SIERRAPANDO;CANTABRIA;432131N;040139W;110
1167B;;CAMALEÑO, FUENTE DE;CANTABRIA;430838N;044846W;1100
1167G;;MIRADOR DEL CABLE, PARQUE NACIONAL PICOS DE EUROPA;CANTABRIA;430918N;044811W;1910
1167J;;CORISCAO, PARQUE NACIONAL PICOS DE EUROPA;CANTABRIA;430521N;044626W;1722
1174I;;CILLÓRIGO DE LIÉBANA, TAMA;CANTABRIA;431058N;043606W;251
1176A;;TRESVISO;CANTABRIA;431521N;044006W;940
1178R;;SOTRES, PARQUE NACIONAL PICOS DE EUROPA;ASTURIAS;431415N;044412W;1236
1178Y;;POSADA DE VALDEÓN, SOTO ;LEON;430843N;045554W;953
1179B;;CABRALES;ASTURIAS;431840N;045110W;458
1186P;;AMIEVA, PANIZALES;ASTURIAS;431600N;050709W;370
1199X;;PILOÑA, BARGAÉU;ASTURIAS;432240N;052348W;280
1203D;;COLUNGA;ASTURIAS;432933N;051450W;30
1223P;;LENA, RONZÓN;ASTURIAS;430758N;054922W;370
1226X;;ALLER, FELECHOSA;ASTURIAS;430543N;052837W;750
1234P;;MIERES, BAIÑA;ASTURIAS;431630N;054909W;170
1272B;;TINEO, SOUTU;ASTURIAS;431725N;062312W;280
1276F;;POLA DE SOMIEDO;ASTURIAS;430600N;061525W;670
1279X;;SALAS, CAMUÑO;ASTURIAS;432530N;061351W;240
1297E;;CERVANTES;LUGO;424607N;070103W;1020
1302F;;DEGAÑA;ASTURIAS;425719N;062821W;1310
1309C;;IBIAS, SAN ANTOLIN;ASTURIAS;430139N;065306W;780
1327A;;VILLAYÓN, ONETA;ASTURIAS;432756N;064024W;410
1341B;;TARAMUNDI, OURIA;ASTURIAS;432456N;070340W;340
1342X;;RIBADEO;LUGO;433226N;070459W;43
1344X;;MONDOÑEDO;LUGO;432553N;072142W;125
1347T;;BURELA;LUGO;433904N;072126W;80
1354C;8005;FERROL;A CORUÑA;432835N;081533W;4
1363X;;AS PONTES;A CORUÑA;432646N;075141W;343
1387D;8000;A CORUÑA BENS;A CORUÑA;432148N;082631W;132
1390X;;CARBALLO, DEPURADORA;A CORUÑA;431213N;084239W;98
1399;;VIMIANZO;A CORUÑA;430327N;090249W;287
1406X;;MAZARICOS;A CORUÑA;425607N;085937W;340
1410X;;SOBRADO;A CORUÑA;430216N;080120W;500
1435C;;NOIA;A CORUÑA;424801N;085234W;128
1442U;;BOIRO;A CORUÑA;423838N;085332W;10
1446X;;MONTERROSO;LUGO;424835N;074606W;680
1455I;;RODEIRO-VILAMAIOR;PONTEVEDRA;424240N;075714W;645
1465U;;LALIN-CRISTIMIL;PONTEVEDRA;423956N;081133W;463
1466A;;SILLEDA;PONTEVEDRA;424203N;081528W;435
1468X;;A ESTRADA;PONTEVEDRA;424137N;083007W;269
1476R;;ROIS, CASAS DO PORTO;A CORUÑA;424459N;084253W;210
1477U;;VILAGARCIA DE AROUSA;PONTEVEDRA;423456N;084611W;36
1477V;;VILAGARCÍA DE AROUSA;PONTEVEDRA;423505N;084629W;32
1486E;8043;ESCUELA NAVAL DE MARÍN;PONTEVEDRA;422346N;084225W;3
1489A;;A LAMA;PONTEVEDRA;422425N;082704W;395
1496X;;VIGO ;PONTEVEDRA;421350N;084327W;120
1518A;;LUGO;LUGO;425954N;073309W;442
1521I;;O PÁRAMO;LUGO;425043N;072958W;403
1521X;;BECERREÁ;LUGO;425150N;071107W;1080
1541B;;VILLABLINO;LEON;425544N;062002W;958
1561I;;VEGA DE ESPINAREDA  ;LEON;424558N;064025W;770
1583X;;O BARCO DE VALDEORRAS;OURENSE;422456N;065935W;315
1639X;;CHANDREXA DE QUEIXA;OURENSE;421537N;072301W;990
1658;;FOLGOSO DO COUREL;LUGO;423519N;071130W;612
1679A;;MONFORTE DE LEMOS;LUGO;423154N;073039W;291
1696O;;BEARIZ;OURENSE;422805N;081641W;610
1701X;;RIBADAVIA;OURENSE;421800N;080745W;112
1706A;;ALLARIZ;OURENSE;421058N;074746W;492
1719;;A CAÑIZA;PONTEVEDRA;421305N;081652W;560
1723X;;PONTEAREAS, CANEDO   ;PONTEVEDRA;421056N;082934W;90
1730E;;O ROSAL;PONTEVEDRA;415638N;085051W;55
1738U;;MUIÑOS;OURENSE;415603N;075920W;730
1740;;SANTILLANA DEL MAR, ALTAMIRA;CANTABRIA;432238N;040728W;150
2005Y;;VINUESA, QUINTANAREJO;SORIA;415804N;024658W;1197
2017Y;;LA PÓVEDA DE SORIA, BARRIOMARTÍN;SORIA;415945N;022939W;1260
2044B;;LUBIA;SORIA;413602N;023027W;1100
2048A;;MORÓN DE ALMAZÁN;SORIA;412510N;022513W;978
2059B;;LA RIBA DE ESCALOTE;SORIA;412059N;024700W;1042
2084Y;;UCERO;SORIA;414319N;030249W;960
2092;;BURGO DE OSMA;SORIA;413522N;030513W;932
2096B;;LICERAS;SORIA;412225N;031505W;1150
2106B;;CORUÑA DEL CONDE;BURGOS;414445N;032255W;955
2135A;;FRESNO DE CANTESPINO;SEGOVIA;412222N;033026W;993
2140A;;ALDEANUEVA DE SERREZUELA;SEGOVIA;412752N;034709W;1135
2166Y;;PEÑAFIEL;VALLADOLID;413535N;040729W;756
2172Y;;SARDÓN DE DUERO;VALLADOLID;413643N;042420W;725
2182C;;PEDRAZA;SEGOVIA;410802N;034725W;1107
2192C;;CUÉLLAR;SEGOVIA;412301N;041556W;795
2243A;;AGUILAR DE CAMPOO;PALENCIA;424750N;041637W;910
2276B;;VILLAELES DE VALDAVIA;PALENCIA;423408N;043430W;908
2285B;;VILLADIEGO;BURGOS;423126N;040004W;869
2290Y;;PEDROSA DEL PRÍNCIPE;BURGOS;421504N;041156W;771
2296A;;ÓLVEGA;SORIA;414632N;015836W;1039
2302N;;MONTERRUBIO DE LA DEMANDA;BURGOS;420847N;030639W;1197
2311Y;;VILLAMAYOR DE LOS MONTES;BURGOS;420619N;034604W;882
2362C;;VELILLA DEL RÍO CARRIÓN, CAMPORREDONDO DE ALBA;PALENCIA;425338N;044249W;1575
2401X;;PALENCIA;PALENCIA;420034N;043338W;736
2430Y;;MUÑOTELLO;AVILA;403236N;050239W;1178
2453E;;GOTARRENDURA;AVILA;404944N;044431W;920
2456B;;AREVALO;AVILA;410417N;044348W;820
2471Y;;SAN RAFAEL;SEGOVIA;404307N;041243W;1237
2482B;;MIGUELAÑEZ;SEGOVIA;410735N;042233W;870
2503B;;OLMEDO, DEPÓSITO DE AGUA;VALLADOLID;411648N;044131W;786
2507Y;;RUEDA;VALLADOLID;412510N;045749W;724
2512Y;;RIVILLA DE BARAJAS;AVILA;405256N;050107W;925
2517A;;FUENTE EL SOL;VALLADOLID;411022N;045623W;755
2536D;;MORALES DEL TORO;ZAMORA;413255N;051618W;710
2555B;;FUENTESAUCO;ZAMORA;411412N;052853W;811
2565;;CORESES;ZAMORA;413319N;053750W;701
2568D;;SANTERVÁS DE LA VEGA, VILLAPÚN ;PALENCIA;423125N;045104W;985
2593D;;VILLALÓN DE CAMPOS;VALLADOLID;420539N;050228W;782
2604B;;MEDINA DE RIOSECO;VALLADOLID;415233N;050225W;731
2611D;;VILLAFÁFILA;ZAMORA;415123N;053533W;690
2624C;;RIAÑO;LEON;425730N;050027W;1090
2626Y;;CUBILLAS DE RUEDA;LEON;423712N;051136W;916
2664B;;VALENCIA DE DON JUAN;LEON;421745N;053017W;788
2701D;;BARRIOS DE LUNA, MIÑERA;LEON;425308N;055215W;1120
2728B;;QUINTANA DEL CASTILLO, VILLAMECA;LEON;423854N;060415W;995
2734D;;ASTORGA;LEON;422836N;060428W;919
2742R;;BUSTILLO DEL PÁRAMO;LEON;422759N;054647W;850
2766E;;SANABRIA, ROBLEDA-CERVANTES;ZAMORA;420456N;063824W;935
2777K;;SANTIBAÑEZ DE VIDRIALES;ZAMORA;420441N;060026W;737
2789H;;POZUELO DE TABARA;ZAMORA;414708N;055432W;711
2804F;;VILLADEPERA;ZAMORA;413202N;060831W;790
2828Y;;BARCO DE AVILA;AVILA;402119N;053109W;1012
2847X;;PEDROSILLO DE LOS AIRES   ;SALAMANCA;404032N;053836W;865
2863C;;PEDRAZA DE ALBA  ;SALAMANCA;404356N;052158W;897
2873X;;BARBADILLO;SALAMANCA;405413N;054647W;817
2882D;8135;PEÑAUSENDE;ZAMORA;411420N;055351W;1003
2885K;;FRESNO DE SAYAGO;ZAMORA;411816N;060120W;804
2891A;;VILLARINO DE LOS AIRES;SALAMANCA;411547N;062745W;690
2914C;;BOADILLA FUENTE SAN ESTEBAN;SALAMANCA;404710N;061210W;785
2918Y;;EL MAÍLLO;SALAMANCA;403410N;061325W;1027
2926B;;BAÑOBÁREZ;SALAMANCA;405105N;063632W;748
2930Y;;NAVASFRÍAS;SALAMANCA;401748N;064846W;880
2945A;;EL BODÓN BASE AÉREA;SALAMANCA;402906N;063437W;805
2966D;;ALCAÑICES  ;ZAMORA;414100N;061805W;840
2969U;;A GUDIÑA;OURENSE;420138N;071059W;910
2978X;;VERÍN;OURENSE;415536N;072519W;380
3021Y;;ZAOREJAS;GUADALAJARA;404546N;021202W;1230
3040Y;;BETETA;CUENCA;403418N;020435W;1214
3085Y;;PASTRANA;GUADALAJARA;402428N;025711W;920
3099Y;;OCAÑA;TOLEDO;395606N;032946W;733
3103;;PANTANO EL VADO;GUADALAJARA;410013N;031807W;910
3104Y;;RASCAFRÍA;MADRID;405323N;035318W;1159
3125Y;;SAN SEBASTIÁN DE LOS REYES;MADRID;403300N;033700W;672
3126Y;;MADRID, EL GOLOSO;MADRID;403341N;034243W;740
3140Y;;MANDAYONA;GUADALAJARA;405906N;024536W;990
3170Y;;ALCALA DE HENARES;MADRID;403142N;031723W;605
3182Y;;ARGANDA DEL REY;MADRID;401842N;032952W;533
3194Y;;POZUELO DE ALARCÓN;MADRID;402654N;034848W;665
3209Y;;BRIHUEGA;GUADALAJARA;404555N;025227W;955
3229Y;;TIELMES;MADRID;401450N;031842W;594
3245Y;;TEMBLEQUE;TOLEDO;394146N;033021W;635
3254Y;;MORA ;TOLEDO;394113N;034650W;717
3268C;;ALPEDRETE;MADRID;403935N;040103W;924
3305Y;;NAVAHERMOSA;TOLEDO;393750N;042837W;750
3319D;;PUERTO DEL PICO;AVILA;402023N;050046W;1285
3330Y;;ROZAS DE PUERTO REAL;MADRID;401847N;042914W;890
3337U;;CEBREROS;AVILA;402803N;042721W;850
3343Y;;VALDEMORILLO;MADRID;402948N;040340W;884
3362Y;;CASTILLO DE BAYUELA;TOLEDO;400629N;044050W;560
3386A;;NAVALVILLAR DE IBOR;CACERES;393530N;052303W;923
3422D;;CANDELEDA;AVILA;400821N;051841W;350
3423I;;MADRIGAL DE LA VERA;CACERES;400914N;052224W;464
3427Y;;OROPESA;TOLEDO;395936N;050652W;345
3436D;;GARGANTA LA OLLA;CACERES;400640N;054705W;690
3448X;;SERRADILLA;CACERES;394915N;060739W;406
3455X;;JARAICEJO;CACERES;394012N;054830W;559
3463Y;8263;TRUJILLO;CACERES;392751N;055227W;523
3475X;;CAÑAVERAL;CACERES;394726N;062235W;373
3494U;;NUÑOMORAL;CACERES;402429N;061423W;470
3503;;GUIJO DE GRANADILLA;CACERES;401122N;061003W;400
3504X;;HERVÁS;CACERES;401554N;055140W;724
3512X;;MONTEHERMOSO;CACERES;400451N;062020W;351
3514B;;TORNAVACAS;CACERES;401531N;054042W;991
3516X;;PIORNAL;CACERES;400715N;054957W;1260
3531X;;TORRECILLA DE LOS ANGELES;CACERES;401518N;062442W;459
3536X;;HOYOS;CACERES;401029N;064328W;560
3540X;;ZARZA LA MAYOR;CACERES;395217N;065136W;336
3547X;;VALVERDE DEL FRESNO;CACERES;401226N;065346W;450
3562X;;ALISEDA;CACERES;392539N;064411W;321
3565X;;BROZAS;CACERES;393705N;064442W;425
4007Y;;OSSA DE MONTIEL;ALBACETE;385757N;024442W;905
4051Y;;ALCÁZAR DEL REY;CUENCA;400340N;024825W;875
4064Y;;ALCAZAR DE SAN JUAN;CIUDAD REAL;392327N;031257W;640
4070Y;;ABIA DE OBISPALIA;CUENCA;400108N;022343W;1020
4075Y;;VILLARES DEL SAZ;CUENCA;395025N;023012W;870
4089A;;ALBERCA DE ZANCARA;CUENCA;393101N;022945W;805
4091Y;;VILLARROBLEDO;ALBACETE;391543N;023533W;718
4093Y;;OSA DE LA VEGA ;CUENCA;393922N;024536W;763
4095Y;;BELMONTE;CUENCA;393319N;024220W;745
4096Y;;MUNERA;ALBACETE;390100N;022920W;918
4116I;8349;ALMAGRO / FAMET;CIUDAD REAL;385703N;034431W;626
4138Y;;VILLANUEVA DE LOS INFANTES;CIUDAD REAL;384415N;030016W;900
4193Y;;EL ROBLEDO;CIUDAD REAL;391301N;041658W;587
4195E;;ALCORNOQUERA, PARQUE NACIONAL CABAÑEROS;CIUDAD REAL;391915N;042342W;651
4210Y;;ABENÓJAR;CIUDAD REAL;385353N;041731W;718
4236Y;;PUERTO REY ;CACERES;392702N;050135W;689
4245X;;GUADALUPE;CACERES;392719N;052000W;660
4260;;PERALEDA DEL ZAUCEJO;BADAJOZ;382847N;053439W;542
4263X;;VALSEQUILLO;CORDOBA;382434N;052102W;575
4300Y;;ALMADÉN;CIUDAD REAL;384631N;045043W;535
4325Y;;CASTUERA;BADAJOZ;384431N;053145W;459
4339X;;CAÑAMERO;CACERES;391851N;052208W;590
4340;;NAVALVILLAR DE PELA;BADAJOZ;390612N;052741W;313
4347X;;ZORITA;CACERES;391658N;054237W;413
4362X;;RETAMAL DE LLERENA;BADAJOZ;383435N;055045W;474
4395X;;VILLAFRANCA DE LOS BARROS;BADAJOZ;383306N;061824W;430
4411C;;ALCUESCAR;CACERES;391152N;061352W;467
4427X;;ZAFRA;BADAJOZ;382533N;062612W;433
4436Y;;ALMENDRALEJO;BADAJOZ;384120N;062140W;371
4464X;;ALBURQUERQUE;BADAJOZ;391055N;065943W;283
4468X;;PUEBLA DE OBANDO;BADAJOZ;391036N;063603W;392
4478X;;BADAJOZ;BADAJOZ;385310N;070034W;174
4486X;;OLIVENZA;BADAJOZ;384151N;070504W;275
4489X;;ALCONCHEL;BADAJOZ;382905N;071655W;170
4492F;;BARCARROTA;BADAJOZ;382822N;065524W;377
4497X;;VILLANUEVA DEL FRESNO;BADAJOZ;382220N;070929W;247
4499X;;MONESTERIO;BADAJOZ;380453N;061619W;771
4501X;;FUENTE DE CANTOS;BADAJOZ;381232N;061841W;602
4520X;;FREGENAL DE LA SIERRA;BADAJOZ;381042N;063942W;586
4527X;;AROCHE;HUELVA;375849N;065833W;267
4541X;;EL GRANADO;HUELVA;373313N;073112W;60
4554X;;CARTAYA;HUELVA;371306N;070501W;15
4575X;;VALVERDE DEL CAMINO;HUELVA;373431N;064604W;280
4584X;;EL CERRO DE ANDÉVALO;HUELVA;374354N;065632W;270
4589X;;ALOSNO, THARSIS;HUELVA;373552N;070710W;276
4608X;;EL CAMPILLO;HUELVA;374038N;063748W;415
4622X;;VILLARRASA;HUELVA;372703N;063812W;145
5038Y;;CAZORLA;JAEN;375457N;030014W;799
5060X;;VÉLEZ BLANCO - TOPARES;ALMERIA;375139N;021341W;1190
5103E;;CAMARATE 2, PARQUE NACIONAL SIERRA NEVADA;GRANADA;370930N;031525W;2152
5103F;;CAMARATE, PARQUE NACIONAL SIERRA NEVADA;GRANADA;371128N;031514W;1534
5107D;;DÓLAR;GRANADA;371048N;025911W;1197
5164B;;BAEZA;JAEN;375948N;032743W;771
5165X;;TORRES;JAEN;374651N;033349W;910
5210X;;VILLANUEVA DEL ARZOBISPO;JAEN;381030N;025953W;680
5279X;;LINARES;JAEN;380904N;033746W;515
5281X;;BAILÉN;JAEN;380535N;034657W;345
5304Y;;PUERTOLLANO;CIUDAD REAL;384008N;040333W;665
5341C;;FUENCALIENTE;CIUDAD REAL;382544N;041806W;710
5346X;;CARDEÑA;CORDOBA;381112N;041621W;720
5361X;;MONTORO;CORDOBA;380048N;041949W;155
5394X;;CÓRDOBA, EMBALSE DE GUADANUÑO;CORDOBA;380115N;044748W;525
5406X;;ALCALÁ LA REAL;JAEN;372951N;035429W;908
5412X;;PRIEGO DE CÓRDOBA;CORDOBA;372905N;041228W;550
5429X;;CÓRDOBA, PRÁGDENA;CORDOBA;374837N;042744W;275
5459X;;ESPIEL;CORDOBA;380640N;045543W;465
5470;;FUENTE PALMERA;CORDOBA;374511N;050602W;120
5473X;;AZUAGA;BADAJOZ;381604N;054110W;581
5511;;PRADOLLANO, PARQUE NACIONAL SIERRA NEVADA;GRANADA;370352N;032217W;3092
5514Z;8420;GRANADA BASE AÉREA;GRANADA;370810N;033800W;695
5515D;8421;VÍZNAR;GRANADA;371413N;033202W;1258
5515X;;GRANADA-CARTUJA;GRANADA;371123N;033544W;775
5516D;8980;SIERRA NEVADA 'RADIOTELESCOPIO';GRANADA;370347N;032313W;2856
5598X;;BENAMEJÍ;CORDOBA;371351N;043252W;465
5612X;;LORA DE ESTEPA;SEVILLA;371613N;044937W;450
5624X;;AGUILAR DE LA FRONTERA;CORDOBA;372855N;044109W;309
5625X;;LA RAMBLA;CORDOBA;373819N;044550W;200
5654X;;LA PUEBLA DE LOS INFANTES;SEVILLA;374712N;052216W;200
5656;;FUENTES DE ANDALUCÍA;SEVILLA;372950N;052559W;165
5702X;;CARMONA;SEVILLA;373356N;054426W;50
5726X;;GUADALCANAL;SEVILLA;380558N;054909W;720
5733X;;ALMADÉN DE LA PLATA;SEVILLA;374728N;060430W;450
5769X;;CALA;HUELVA;375825N;061920W;618
5788X;;TOMARES, ZAUDÍN;SEVILLA;372142N;060335W;84
5790Y;;SEVILLA, TABLADA;SEVILLA;372151N;060021W;9
5835X;;CARRIÓN DE LOS CÉSPEDES;SEVILLA;372136N;062003W;76
5858X;;ALMONTE;HUELVA;365919N;062635W;5
5891X;;LAS CABEZAS DE SAN JUAN;SEVILLA;365712N;055048W;105
5906X;;CHIPIONA;CADIZ;364500N;062402W;10
5919X;;OLVERA;CADIZ;365554N;051534W;530
5941X;;EL BOSQUE;CADIZ;364346N;053044W;295
5950X;;SAN JOSÉ DEL VALLE;CADIZ;363950N;054700W;105
5983X;;MEDINA SIDONIA;CADIZ;362423N;055513W;70
5996B;;BARBATE;CADIZ;361106N;055435W;4
5998X;;OSUNA;SEVILLA;371436N;050645W;255
6032X;;RONDA INSTITUTO;MALAGA;364500N;051007W;753
6040X;;CORTES DE LA FRONTERA;MALAGA;363240N;052311W;315
6042I;;JIMENA DE LA FRONTERA;CADIZ;362608N;052342W;42
6045X;;ALPANDEIRE;MALAGA;363757N;051211W;676
6050X;;GAUCÍN;MALAGA;363107N;051907W;594
6056X;;SAN ROQUE  ;CADIZ;361623N;051704W;1
6057X;;MANILVA;MALAGA;362242N;051536W;140
6069X;;BENAHAVÍS;MALAGA;363237N;050129W;392
6076X;;MARBELLA, PUERTO;MALAGA;362904N;045711W;2
6083X;;MARBELLA;MALAGA;362901N;044425W;2
6088X;;TORREMOLINOS;MALAGA;363714N;043054W;85
6100B;;ANTEQUERA AYUNTAMIENTO (AUTOMÁTICA THIES);MALAGA;370126N;043345W;515
6127X;;ÁLORA;MALAGA;365117N;044148W;172
6143X;;COÍN;MALAGA;363928N;044539W;230
6172X;;MÁLAGA;MALAGA;364300N;042511W;25
6175X;;RINCÓN DE LA VICTORIA;MALAGA;364254N;041710W;7
6199X;;VÉLEZ-MÁLAGA;MALAGA;364607N;040537W;41
6201X;;ALGARROBO;MALAGA;364521N;040238W;40
6213X;;NERJA;MALAGA;364546N;035043W;169
6248D;;CAÑAR, PARQUE NACIONAL SIERRA NEVADA;GRANADA;365708N;032549W;1732
6258X;;LANJARÓN;GRANADA;365523N;032933W;715
6267X;;SALOBREÑA;GRANADA;364454N;033443W;20
6268Y;;MOTRIL, PUERTO;GRANADA;364326N;033145W;1
6272X;;CASTELL DE FERRO;GRANADA;364403N;032248W;235
6281X;;VÁLOR;GRANADA;370019N;030417W;1020
6291B;;EL EJIDO;ALMERIA;364629N;024847W;98
6299I;;LAGUNA SECA, PARQUE NACIONAL SIERRA NEVADA;GRANADA;370545N;025752W;2300
6307C;;LAÚJAR, PARQUE NACIONAL SIERRA NEVADA;ALMERIA;370311N;025350W;1713
6307X;;LÁUJAR DE ANDARAX;ALMERIA;370159N;025445W;1518
6312E;;RÁGOL, PARQUE NACIONAL SIERRA NEVADA;ALMERIA;370115N;024038W;601
6329X;;CABO DE GATA;ALMERIA;364319N;021135W;52
6332Y;8488;CARBONERAS;ALMERIA;365632N;015425W;222
6335O;;NACIMIENTO, PARQUE NACIONAL SIERRA NEVADA;ALMERIA;370636N;024157W;970
6340X;;GARRUCHA, PUERTO;ALMERIA;371044N;014900W;6
6364X;;ALBOX;ALMERIA;372424N;020905W;508
6375X;;FUENTE DE PIEDRA;MALAGA;370757N;044431W;420
7007Y;;MAZARRÓN/LAS TORRES;MURCIA;373517N;011350W;66
7012D;8434;CARTAGENA;MURCIA;373616N;010124W;56
7019X;;CARTAGENA/SALINAS CABO PALOS;MURCIA;373809N;004256W;2
7020C;;MURCIA AEROPUERTO;MURCIA;374827N;010741W;205
7023X;;FUENTE ÁLAMO DE MURCIA;MURCIA;374335N;011002W;140
7026X;;TORRE-PACHECO;MURCIA;374420N;005803W;50
7066Y;;YESTE, EMBALSE FUENSANTA;ALBACETE;382331N;021312W;680
7067Y;;NERPIO;ALBACETE;380518N;022447W;1485
7072Y;;YESTE;ALBACETE;381742N;021738W;960
7080X;;MORATALLA;MURCIA;381606N;015911W;955
7103Y;;TOBARRA;ALBACETE;383517N;014122W;615
7121A;;CALASPARRA;MURCIA;381403N;014208W;350
7127X;;BULLAS;MURCIA;380257N;014143W;640
7138B;;JUMILLA;MURCIA;382732N;012007W;485
7158X;;ARCHENA;MURCIA;380741N;011821W;150
7172X;;MULA;MURCIA;380229N;012657W;255
7195X;;CARAVACA DE LA CRUZ, LOS ROYOS;MURCIA;375534N;020330W;985
7203A;;LORCA, ZARCILLA DE RAMOS;MURCIA;375041N;015211W;646
7211B;;PUERTO LUMBRERAS;MURCIA;373405N;014750W;445
7218Y;;TOTANA;MURCIA;374531N;013046W;281
7227X;;ALHAMA DE MURCIA;MURCIA;375142N;012005W;157
7237E;;MOLINA DE SEGURA;MURCIA;380820N;010931W;170
7244X;;ORIHUELA;ALICANTE;380404N;005853W;26
7250C;;ABANILLA;MURCIA;381140N;010202W;174
7261X;;ROJALES;ALICANTE;380517N;004255W;31
8005X;;FONTANARS DELS ALFORINS;VALENCIA;384648N;004745W;622
8008Y;;VILLENA;ALICANTE;383437N;005156W;486
8013X;;NOVELDA;ALICANTE;382312N;004528W;230
8018X;;ELX/ELCHE;ALICANTE;381715N;004050W;110
8036Y;;BENIDORM;ALICANTE;383237N;000816W;36
8057C;;PEGO;ALICANTE;385048N;000706W;60
8058Y;;MIRAMAR;VALENCIA;385701N;000816W;12
8059C;;ALCOI/ALCOY;ALICANTE;384240N;002739W;534
8072Y;;BARX;VALENCIA;390101N;001817W;340
8084Y;;PANTANO DE LA TOBA (AUTOMATICA);CUENCA;401315N;015537W;1154
8155Y;;MOTILLA DEL PALANCAR;CUENCA;393320N;015455W;830
8193E;;JALANCE;VALENCIA;391230N;010540W;372
8198Y;;ALMANSA;ALBACETE;385102N;010347W;710
8203O;8283;ZARRA;VALENCIA;390458N;010603W;855
8210Y;;SALVACAÑETE;CUENCA;400611N;013013W;1160
8245Y;;MIRA;CUENCA;394252N;012633W;815
8270X;;BICORP;VALENCIA;390801N;004724W;305
8283X;;ONTINYENT;VALENCIA;384946N;003628W;350
8300X;;CARCAIXENT;VALENCIA;390648N;002645W;25
8337X;;TURÍS;VALENCIA;392321N;003711W;196
8354X;;ALBARRACÍN;TERUEL;402511N;012629W;1130
8376;;JABALOYAS;TERUEL;401410N;012442W;1430
8381X;;ADEMUZ;VALENCIA;400338N;011701W;705
8395X;;CHELVA;VALENCIA;394512N;005935W;515
8409X;;LLÍRIA;VALENCIA;393950N;003914W;198
8416X;;VALENCIA, UPV;VALENCIA;392847N;002013W;6
8439X;;SEGORBE;CASTELLON;394744N;002907W;400
8446Y;;SAGUNT/SAGUNTO;VALENCIA;394203N;001532W;30
8458X;;CEDRILLAS;TERUEL;402550N;005058W;1380
8472A;;MONTANEJOS;CASTELLON;400516N;003249W;601
8486X;;MOSQUERUELA;TERUEL;402145N;002716W;1515
8492X;;ATZENETA DEL MAESTRAT;CASTELLON;401338N;001011W;420
8503Y;;TORREBLANCA;CASTELLON;401241N;001101E;35
8520X;;LA POBLA DE BENIFASSÀ-FREDES;CASTELLON;404137N;000955E;1168
9001S;8061;ALTO CAMPOO;CANTABRIA;430212N;042228W;1650
9012E;;SANTA GADEA DE ALFOZ;BURGOS;425705N;035726W;915
9016X;;VALDERREDIBLE, CUBILLO DE EBRO;CANTABRIA;424835N;040156W;770
9027X;;SARGENTES DE LA LORA;BURGOS;424449N;035304W;1017
9031C;;BRIVIESCA;BURGOS;423334N;031832W;730
9060X;;LALASTRA;ARABA/ALAVA;425231N;031354W;910
9069C;;MIRANDA DE EBRO;BURGOS;424113N;025738W;460
9073X;;AGURAIN/SALVATIERRA, OPAKUA;ARABA/ALAVA;424947N;022135W;660
9115X;;VALDEZCARAY;LA RIOJA;421518N;025806W;1630
9121X;;HARO;LA RIOJA;423431N;025117W;465
9122I;;LABASTIDA;ARABA/ALAVA;423614N;024636W;612
9136X;;ANGUIANO, VALVANERA;LA RIOJA;421351N;025216W;1006
9141V;;NÁJERA;LA RIOJA;422451N;024336W;500
9145X;;LEZA;ARABA/ALAVA;423402N;023758W;575
9145Y;;CENICERO;LA RIOJA;422858N;023822W;429
9171K;;LOS ARCOS;NAVARRA;423413N;021102W;470
9178X;;CAMPEZO/KANPEZU;ARABA/ALAVA;424014N;022046W;570
9188;;ENCISO;LA RIOJA;420858N;021624W;855
9195C;8909;ASTÚN- LA RACA;HUESCA;424735N;003019W;2276
9198X;;CANFRANC;HUESCA;424458N;003058W;1197
9201X;;JACA;HUESCA;423447N;003242W;832
9207;;VALLE DE HECHO, HECHO;HUESCA;424426N;004502W;860
9211F;;BAILO, PUYALTO;HUESCA;423051N;004902W;722
9218A;;ISABA/IZABA;NAVARRA;425145N;005529W;838
9228J;;OROZ-BETELU/OROTZ-BETELU;NAVARRA;425346N;011801W;635
9228T;;RONCESVALLES/ORREAGA;NAVARRA;430028N;011932W;947
9238X;;NAVASCUÉS/NABASKOZE;NAVARRA;424303N;010702W;612
9245X;;CÁSEDA;NAVARRA;423117N;012159W;440
9252X;;OLITE/ERRIBERRI;NAVARRA;422921N;013920W;390
9257X;;ESTERIBAR, EMBALSE DE EUGI;NAVARRA;425814N;013101W;615
9262P;;MONREAL/ELO;NAVARRA;424204N;012944W;585
9274X;;IRURTZUN;NAVARRA;425508N;015006W;432
9280B;;LARRAGA;NAVARRA;423258N;015127W;375
9287A;;SAN PEDRO MANRIQUE;SORIA;420135N;021351W;1096
9293X;;ALFARO, LA PLANA;LA RIOJA;421034N;014438W;371
9299X;;TARAZONA;ZARAGOZA;415453N;014324W;475
9301X;;MONTEAGUDO;NAVARRA;415732N;014126W;410
9302Y;;TUDELA;NAVARRA;420320N;013634W;297
9321X;;EJEA DE LOS CABALLEROS;ZARAGOZA;420716N;010823W;321
9336D;;CASTEJON DE VALDEJASA;ZARAGOZA;415903N;005945W;543
9344C;;ARCOS DE JALÓN;SORIA;411259N;021735W;863
9352A;;ALMAZUL;SORIA;413429N;020825W;1000
9354X;;ALHAMA DE ARAGON;ZARAGOZA;411735N;015343W;703
9374X;;SANTA EULALIA DEL CAMPO;TERUEL;403400N;011915W;1000
9377Y;;EL PEDREGAL;GUADALAJARA;404643N;013406W;1185
9427X;;LA ALMUNIA DE DOÑA GODINA;ZARAGOZA;412852N;012251W;370
9436X;;FONFRÍA;TERUEL;405943N;010515W;1255
9445L;8096;FORMIGAL, SARRIOS;HUESCA;424545N;002334W;1800
9451F;8915;PANTICOSA, PETROSOS;HUESCA;424216N;001631W;1850
9453X;;BIESCAS, EMBALSE DE BÚBAL;HUESCA;424157N;001908W;1100
9460X;;SABIÑÁNIGO;HUESCA;423046N;002120W;775
9491X;;ALMUDÉVAR;HUESCA;420146N;003509W;390
9495Y;;LECIÑENA;ZARAGOZA;414748N;003702W;405
9501X;;VALMADRID ;ZARAGOZA;412635N;005309W;535
9510X;;QUINTO;ZARAGOZA;412545N;003014W;205
9513X;;MUNIESA;TERUEL;410152N;004820W;800
9531Y;;MONTALBÁN;TERUEL;404943N;004735W;895
9546B;;HIJAR;TERUEL;411019N;002631W;305
9550C;;ANDORRA, HORCALLANA;TERUEL;405828N;002428W;762
9561X;;CASTELLOTE;TERUEL;404754N;001855W;755
9562X;;MORELLA;CASTELLON;403718N;000607W;990
9574B;8165;CASPE, PLANA DEL PILÓN;ZARAGOZA;411433N;000407W;215
9590;;MARTINET  ;LLEIDA;422144N;014136E;1038
9590D;8940;CAP DE REC;LLEIDA;422549N;014004E;1940
9632X;;TUIXENT;LLEIDA;421349N;013410E;1196
9638D;;COLL DE NARGÓ;LLEIDA;420916N;011843E;609
9647X;;TORÀ;LLEIDA;414821N;012344E;435
9650X;;ARTESA DE SEGRE;LLEIDA;415253N;010631E;400
9657X;;ESTERRI D'ÀNEU;LLEIDA;423730N;010734E;952
9660;;SANT MAURICI (LLAC);LLEIDA;423451N;010027E;1907
9677;8938;PORT AINÉ;LLEIDA;422436N;011253E;2410
9689X;;TORRE DE CABDELLA ;LLEIDA;422759N;005927E;1273
9707;;LLIMIANA;LLEIDA;420401N;005426E;515
9718X;;TORDERA - GRANYANELLA;LLEIDA;414052N;011323E;463
9724X;;OS DE BALAGUER;LLEIDA;415224N;004522E;520
9726E;;LLORAC;TARRAGONA;413326N;011834E;657
9729X;;MOLLERUSSA;LLEIDA;413701N;005200E;252
9744B;;VALL DE BOÍ;LLEIDA;423012N;004756E;1089
9751;;SOPEIRA;HUESCA;421907N;004449E;760
9756X;;BENABARRE;HUESCA;420645N;002848E;765
9772X;;LA POBLA DE CÉRVOLES;LLEIDA;412158N;005449E;673
9775X;;EL SOLERÀS;LLEIDA;412449N;004042E;392
9776D;;ELS TORMS;LLEIDA;412336N;004403E;488
9808X;;AÍNSA-SOBRARBE, LA SERRETA;HUESCA;422518N;000817E;610
9812M;;PARADOR DE ORDESA, PARQUE NACIONAL ORDESA Y MONTEPERDIDO;HUESCA;423919N;000557W;1206
9814I;8919;TORLA-ORDESA, EL CEBOLLAR;HUESCA;423922N;000728W;1905
9814X;;TORLA - ORDESA;HUESCA;423815N;000644W;1076
9838B;;BENASQUE;HUESCA;423558N;003114E;1120
9839V;8923;CERLER, COGULLA;HUESCA;423318N;003235E;2374
9843A;;SEIRA;HUESCA;422837N;002603E;825
9855E;;CAPELLA, LAGUARRES;HUESCA;421205N;002758E;600
9866C;;BARBASTRO;HUESCA;420117N;000826E;305
9894Y;;SARIÑENA;HUESCA;414757N;000939W;300
9901X;;HUESCA;HUESCA;420820N;002342W;463
9908X;;LANAJA;HUESCA;414626N;001959W;380
9911X;;BALLOBAR;HUESCA;413710N;001116E;178
9918Y;;TAMARITE DE LITERA, LA MELUSA;HUESCA;414651N;002237E;218
9924X;;FRAGA;HUESCA;413129N;002120E;170
9935X;;VALDERROBRES;TERUEL;405224N;000847E;483
9946X;;HORTA DE SANT JOAN;TARRAGONA;405711N;001842E;495
9947X;;LA POBLA DE MASSALUCA;TARRAGONA;411038N;002112E;370
9961X;;CABACÉS;TARRAGONA;411458N;004407E;363
9975X;;RASQUERA;TARRAGONA;410018N;003649E;112
9988B;8936;CAP DE VAQUÈIRA;LLEIDA;424131N;005826E;2467
9994X;;BOSSÒST;LLEIDA;424634N;004123E;722
9995Y;;VALCARLOS/LUZAIDE;NAVARRA;430528N;011803W;334
9998X;;BELLO;TERUEL;405517N;012940W;1006
